UserID,Data,Sessions,Duration,Transactions,Spent,Revenue,OS,Country
99610,05.03.2024,2,83,1,"€1,39","€6,93",iOS,France
99610,07.03.2024,3,97,1,"€0,00","€9,58",iOS,France
99610,09.03.2024,1,50,0,"€0,00","€0,00",iOS,France
99610,11.03.2024,4,153,0,"€0,00","€0,00",iOS,France
99610,13.03.2024,2,54,0,"€0,00","€0,00",iOS,France
99610,19.03.2024,2,61,1,"€0,00","€1,75",iOS,France
99610,22.03.2024,2,92,0,"€0,00","€0,00",iOS,France
99610,29.03.2024,1,32,0,"€0,00","€0,00",iOS,France
99610,31.03.2024,2,76,0,"€0,00","€0,00",iOS,France
22456,01.03.2024,2,90,0,"€8,07","€0,00",iOS,France
22456,02.03.2024,2,44,0,"€0,00","€0,00",iOS,France
22456,03.03.2024,3,66,0,"€0,00","€0,00",iOS,France
22456,04.03.2024,3,104,0,"€0,00","€0,00",iOS,France
22456,05.03.2024,2,41,0,"€0,00","€0,00",iOS,France
22456,06.03.2024,2,34,1,"€0,00","€8,29",iOS,France
22456,10.03.2024,1,19,0,"€0,00","€0,00",iOS,France
22456,14.03.2024,1,22,0,"€0,00","€0,00",iOS,France
22456,15.03.2024,2,92,0,"€0,00","€0,00",iOS,France
22456,16.03.2024,3,113,0,"€0,00","€0,00",iOS,France
22456,17.03.2024,3,116,0,"€0,00","€0,00",iOS,France
22456,19.03.2024,2,52,0,"€0,00","€0,00",iOS,France
22456,20.03.2024,2,61,0,"€0,00","€0,00",iOS,France
22456,21.03.2024,1,47,0,"€0,00","€0,00",iOS,France
22456,22.03.2024,3,121,0,"€0,00","€0,00",iOS,France
22456,23.03.2024,4,178,1,"€0,00","€4,60",iOS,France
22456,26.03.2024,1,40,0,"€0,00","€0,00",iOS,France
22456,27.03.2024,4,59,0,"€0,00","€0,00",iOS,France
22456,31.03.2024,2,56,0,"€0,00","€0,00",iOS,France
22456,01.04.2024,1,39,0,"€0,00","€0,00",iOS,France
63403,02.03.2024,3,76,0,"€1,41","€0,00",iOS,Italy
63403,03.03.2024,2,56,0,"€0,00","€0,00",iOS,Italy
63403,06.03.2024,1,26,0,"€0,00","€0,00",iOS,Italy
63403,08.03.2024,2,61,0,"€0,00","€0,00",iOS,Italy
63403,09.03.2024,1,16,0,"€0,00","€0,00",iOS,Italy
63403,10.03.2024,1,22,0,"€0,00","€0,00",iOS,Italy
63403,17.03.2024,2,32,0,"€0,00","€0,00",iOS,Italy
63403,26.03.2024,3,123,0,"€0,00","€0,00",iOS,Italy
63403,28.03.2024,1,27,0,"€0,00","€0,00",iOS,Italy
63403,29.03.2024,1,10,0,"€0,00","€0,00",iOS,Italy
63403,30.03.2024,3,77,0,"€0,00","€0,00",iOS,Italy
72905,04.03.2024,1,13,0,"€5,85","€0,00",Android,Italy
72905,10.03.2024,3,68,0,"€0,00","€0,00",Android,Italy
72905,14.03.2024,2,45,0,"€0,00","€0,00",Android,Italy
72905,15.03.2024,1,27,0,"€0,00","€0,00",Android,Italy
72905,16.03.2024,1,18,0,"€0,00","€0,00",Android,Italy
72905,17.03.2024,1,9,1,"€0,00","€7,52",Android,Italy
72905,18.03.2024,3,53,0,"€0,00","€0,00",Android,Italy
72905,19.03.2024,3,102,0,"€0,00","€0,00",Android,Italy
72905,20.03.2024,2,68,0,"€0,00","€0,00",Android,Italy
72905,21.03.2024,1,35,0,"€0,00","€0,00",Android,Italy
72905,23.03.2024,3,68,0,"€0,00","€0,00",Android,Italy
72905,24.03.2024,5,254,0,"€0,00","€0,00",Android,Italy
72905,26.03.2024,2,40,0,"€0,00","€0,00",Android,Italy
72905,27.03.2024,1,34,0,"€0,00","€0,00",Android,Italy
72905,28.03.2024,1,9,0,"€0,00","€0,00",Android,Italy
72905,31.03.2024,2,72,0,"€0,00","€0,00",Android,Italy
76339,01.03.2024,2,49,0,"€2,71","€0,00",Android,Italy
76339,07.03.2024,1,26,0,"€0,00","€0,00",Android,Italy
76339,09.03.2024,2,53,0,"€0,00","€0,00",Android,Italy
76339,13.03.2024,1,27,0,"€0,00","€0,00",Android,Italy
76339,17.03.2024,1,37,0,"€0,00","€0,00",Android,Italy
76339,20.03.2024,2,57,0,"€0,00","€0,00",Android,Italy
76339,21.03.2024,1,40,1,"€0,00","€5,80",Android,Italy
76339,23.03.2024,2,62,1,"€0,00","€2,07",Android,Italy
76339,24.03.2024,1,20,0,"€0,00","€0,00",Android,Italy
76339,26.03.2024,1,21,0,"€0,00","€0,00",Android,Italy
76339,28.03.2024,1,34,0,"€0,00","€0,00",Android,Italy
76339,31.03.2024,2,62,0,"€0,00","€0,00",Android,Italy
11966,01.03.2024,5,59,1,"€2,40","€7,14",iOS,France
11966,02.03.2024,2,38,1,"€0,00","€1,36",iOS,France
11966,04.03.2024,1,25,1,"€0,00","€5,01",iOS,France
11966,05.03.2024,1,20,0,"€0,00","€0,00",iOS,France
11966,07.03.2024,2,72,0,"€0,00","€0,00",iOS,France
11966,08.03.2024,1,25,0,"€0,00","€0,00",iOS,France
11966,10.03.2024,3,74,1,"€0,00","€2,76",iOS,France
11966,11.03.2024,1,32,0,"€0,00","€0,00",iOS,France
11966,12.03.2024,2,39,1,"€0,00","€8,92",iOS,France
11966,13.03.2024,2,62,0,"€0,00","€0,00",iOS,France
11966,14.03.2024,1,14,0,"€0,00","€0,00",iOS,France
11966,15.03.2024,2,19,1,"€0,00","€1,02",iOS,France
11966,16.03.2024,3,61,0,"€0,00","€0,00",iOS,France
11966,18.03.2024,2,61,0,"€0,00","€0,00",iOS,France
11966,19.03.2024,2,47,0,"€0,00","€0,00",iOS,France
11966,20.03.2024,2,60,0,"€0,00","€0,00",iOS,France
11966,21.03.2024,1,23,1,"€0,00","€7,81",iOS,France
11966,22.03.2024,1,36,0,"€0,00","€0,00",iOS,France
11966,24.03.2024,3,109,0,"€0,00","€0,00",iOS,France
11966,25.03.2024,1,34,0,"€0,00","€0,00",iOS,France
11966,27.03.2024,2,67,0,"€0,00","€0,00",iOS,France
11966,01.04.2024,2,43,1,"€0,00","€7,18",iOS,France
98332,01.03.2024,2,42,0,"€4,99","€0,00",Android,France
98332,02.03.2024,3,119,0,"€0,00","€0,00",Android,France
98332,05.03.2024,1,28,0,"€0,00","€0,00",Android,France
98332,06.03.2024,2,56,0,"€0,00","€0,00",Android,France
98332,07.03.2024,2,84,0,"€0,00","€0,00",Android,France
98332,08.03.2024,3,132,0,"€0,00","€0,00",Android,France
98332,09.03.2024,4,128,0,"€0,00","€0,00",Android,France
98332,11.03.2024,4,129,0,"€0,00","€0,00",Android,France
98332,13.03.2024,1,37,0,"€0,00","€0,00",Android,France
98332,15.03.2024,1,27,0,"€0,00","€0,00",Android,France
98332,18.03.2024,1,30,0,"€0,00","€0,00",Android,France
98332,19.03.2024,2,46,0,"€0,00","€0,00",Android,France
98332,20.03.2024,1,29,0,"€0,00","€0,00",Android,France
98332,22.03.2024,3,54,0,"€0,00","€0,00",Android,France
98332,23.03.2024,1,23,0,"€0,00","€0,00",Android,France
98332,26.03.2024,3,75,0,"€0,00","€0,00",Android,France
98332,27.03.2024,2,45,0,"€0,00","€0,00",Android,France
98332,29.03.2024,1,33,0,"€0,00","€0,00",Android,France
98332,30.03.2024,1,27,0,"€0,00","€0,00",Android,France
98332,31.03.2024,2,39,1,"€0,00","€5,64",Android,France
98332,01.04.2024,1,43,0,"€0,00","€0,00",Android,France
18341,01.03.2024,2,45,0,"€7,57","€0,00",Android,Spain
18341,03.03.2024,2,54,0,"€0,00","€0,00",Android,Spain
18341,04.03.2024,2,54,0,"€0,00","€0,00",Android,Spain
18341,10.03.2024,1,34,0,"€0,00","€0,00",Android,Spain
18341,12.03.2024,1,25,0,"€0,00","€0,00",Android,Spain
18341,14.03.2024,2,61,0,"€0,00","€0,00",Android,Spain
18341,15.03.2024,2,72,0,"€0,00","€0,00",Android,Spain
18341,18.03.2024,1,42,0,"€0,00","€0,00",Android,Spain
18341,19.03.2024,3,69,1,"€0,00","€2,78",Android,Spain
18341,20.03.2024,1,13,1,"€0,00","€6,97",Android,Spain
18341,22.03.2024,2,48,1,"€0,00","€4,85",Android,Spain
18341,24.03.2024,1,15,0,"€0,00","€0,00",Android,Spain
18341,30.03.2024,6,194,0,"€0,00","€0,00",Android,Spain
90680,02.03.2024,4,57,0,"€6,45","€0,00",Android,Spain
90680,03.03.2024,2,81,0,"€0,00","€0,00",Android,Spain
90680,04.03.2024,1,36,0,"€0,00","€0,00",Android,Spain
90680,05.03.2024,1,41,1,"€0,00","€9,35",Android,Spain
90680,10.03.2024,2,48,0,"€0,00","€0,00",Android,Spain
90680,11.03.2024,1,38,1,"€0,00","€2,74",Android,Spain
90680,12.03.2024,1,20,0,"€0,00","€0,00",Android,Spain
90680,13.03.2024,2,63,0,"€0,00","€0,00",Android,Spain
90680,17.03.2024,1,34,0,"€0,00","€0,00",Android,Spain
90680,18.03.2024,1,21,0,"€0,00","€0,00",Android,Spain
90680,19.03.2024,1,40,0,"€0,00","€0,00",Android,Spain
90680,21.03.2024,2,65,1,"€0,00","€9,74",Android,Spain
90680,22.03.2024,2,65,0,"€0,00","€0,00",Android,Spain
90680,23.03.2024,4,101,0,"€0,00","€0,00",Android,Spain
90680,27.03.2024,2,86,2,"€0,00","€5,52",Android,Spain
90680,29.03.2024,1,28,0,"€0,00","€0,00",Android,Spain
90680,31.03.2024,3,27,1,"€0,00","€2,91",Android,Spain
90680,01.04.2024,1,11,0,"€0,00","€0,00",Android,Spain
16606,01.03.2024,1,34,0,"€9,89","€0,00",Android,Spain
16606,02.03.2024,1,53,0,"€0,00","€0,00",Android,Spain
16606,05.03.2024,3,111,1,"€0,00","€4,04",Android,Spain
16606,07.03.2024,2,75,1,"€0,00","€1,21",Android,Spain
16606,10.03.2024,1,43,0,"€0,00","€0,00",Android,Spain
16606,11.03.2024,2,80,0,"€0,00","€0,00",Android,Spain
16606,14.03.2024,1,34,0,"€0,00","€0,00",Android,Spain
16606,15.03.2024,2,33,0,"€0,00","€0,00",Android,Spain
16606,16.03.2024,3,109,0,"€0,00","€0,00",Android,Spain
16606,19.03.2024,2,48,0,"€0,00","€0,00",Android,Spain
16606,20.03.2024,1,33,0,"€0,00","€0,00",Android,Spain
16606,22.03.2024,1,29,0,"€0,00","€0,00",Android,Spain
16606,25.03.2024,1,41,1,"€0,00","€6,08",Android,Spain
16606,26.03.2024,2,22,0,"€0,00","€0,00",Android,Spain
16606,27.03.2024,2,26,0,"€0,00","€0,00",Android,Spain
16606,30.03.2024,1,26,0,"€0,00","€0,00",Android,Spain
16606,01.04.2024,1,31,0,"€0,00","€0,00",Android,Spain
33822,04.03.2024,1,31,0,"€1,19","€0,00",Android,Spain
33822,06.03.2024,3,139,0,"€0,00","€0,00",Android,Spain
33822,07.03.2024,2,59,0,"€0,00","€0,00",Android,Spain
33822,09.03.2024,1,19,1,"€0,00","€1,31",Android,Spain
33822,11.03.2024,1,21,0,"€0,00","€0,00",Android,Spain
33822,12.03.2024,1,19,1,"€0,00","€3,30",Android,Spain
33822,13.03.2024,1,14,0,"€0,00","€0,00",Android,Spain
33822,14.03.2024,2,92,0,"€0,00","€0,00",Android,Spain
33822,17.03.2024,2,53,0,"€0,00","€0,00",Android,Spain
33822,19.03.2024,3,82,2,"€0,00","€5,89",Android,Spain
33822,20.03.2024,4,129,0,"€0,00","€0,00",Android,Spain
33822,21.03.2024,1,37,0,"€0,00","€0,00",Android,Spain
33822,22.03.2024,2,56,0,"€0,00","€0,00",Android,Spain
33822,23.03.2024,2,21,0,"€0,00","€0,00",Android,Spain
33822,25.03.2024,1,45,0,"€0,00","€0,00",Android,Spain
33822,27.03.2024,1,33,0,"€0,00","€0,00",Android,Spain
33822,28.03.2024,2,69,0,"€0,00","€0,00",Android,Spain
33822,31.03.2024,1,31,0,"€0,00","€0,00",Android,Spain
78966,02.03.2024,2,42,0,"€7,22","€0,00",iOS,Spain
78966,04.03.2024,1,17,0,"€0,00","€0,00",iOS,Spain
78966,05.03.2024,1,51,0,"€0,00","€0,00",iOS,Spain
78966,06.03.2024,1,29,0,"€0,00","€0,00",iOS,Spain
78966,07.03.2024,1,37,0,"€0,00","€0,00",iOS,Spain
78966,09.03.2024,1,40,0,"€0,00","€0,00",iOS,Spain
78966,11.03.2024,2,77,0,"€0,00","€0,00",iOS,Spain
78966,13.03.2024,2,63,0,"€0,00","€0,00",iOS,Spain
78966,14.03.2024,3,34,0,"€0,00","€0,00",iOS,Spain
78966,20.03.2024,1,20,0,"€0,00","€0,00",iOS,Spain
78966,22.03.2024,2,67,1,"€0,00","€2,68",iOS,Spain
78966,23.03.2024,1,43,0,"€0,00","€0,00",iOS,Spain
78966,24.03.2024,2,65,0,"€0,00","€0,00",iOS,Spain
78966,25.03.2024,1,29,0,"€0,00","€0,00",iOS,Spain
78966,27.03.2024,3,96,2,"€0,00","€4,54",iOS,Spain
78966,28.03.2024,3,136,0,"€0,00","€0,00",iOS,Spain
65136,02.03.2024,1,16,1,"€0,55","€5,77",Android,Spain
65136,09.03.2024,2,66,0,"€0,00","€0,00",Android,Spain
65136,11.03.2024,5,46,0,"€0,00","€0,00",Android,Spain
65136,15.03.2024,2,14,0,"€0,00","€0,00",Android,Spain
65136,17.03.2024,2,46,0,"€0,00","€0,00",Android,Spain
65136,19.03.2024,1,19,0,"€0,00","€0,00",Android,Spain
65136,20.03.2024,3,62,0,"€0,00","€0,00",Android,Spain
65136,21.03.2024,1,35,0,"€0,00","€0,00",Android,Spain
65136,23.03.2024,1,20,0,"€0,00","€0,00",Android,Spain
65136,28.03.2024,1,34,0,"€0,00","€0,00",Android,Spain
65136,30.03.2024,2,45,0,"€0,00","€0,00",Android,Spain
65136,31.03.2024,2,80,1,"€0,00","€6,11",Android,Spain
65136,01.04.2024,1,40,0,"€0,00","€0,00",Android,Spain
49375,04.03.2024,1,29,0,"€3,57","€0,00",iOS,France
49375,01.04.2024,2,63,0,"€0,00","€0,00",iOS,France
70239,04.03.2024,2,111,0,"€3,44","€0,00",Android,Italy
70239,05.03.2024,4,111,0,"€0,00","€0,00",Android,Italy
70239,07.03.2024,7,144,0,"€0,00","€0,00",Android,Italy
70239,09.03.2024,1,24,0,"€0,00","€0,00",Android,Italy
70239,11.03.2024,1,29,1,"€0,00","€2,80",Android,Italy
70239,13.03.2024,2,49,0,"€0,00","€0,00",Android,Italy
70239,19.03.2024,2,38,0,"€0,00","€0,00",Android,Italy
70239,20.03.2024,1,34,0,"€0,00","€0,00",Android,Italy
70239,27.03.2024,2,26,0,"€0,00","€0,00",Android,Italy
70239,29.03.2024,1,29,0,"€0,00","€0,00",Android,Italy
70239,30.03.2024,2,63,1,"€0,00","€3,51",Android,Italy
73325,05.03.2024,4,60,0,"€2,56","€0,00",Android,Spain
73325,06.03.2024,1,16,0,"€0,00","€0,00",Android,Spain
73325,07.03.2024,2,58,0,"€0,00","€0,00",Android,Spain
73325,12.03.2024,1,34,0,"€0,00","€0,00",Android,Spain
73325,14.03.2024,3,76,0,"€0,00","€0,00",Android,Spain
73325,15.03.2024,1,30,0,"€0,00","€0,00",Android,Spain
73325,17.03.2024,1,21,1,"€0,00","€9,23",Android,Spain
73325,18.03.2024,1,27,0,"€0,00","€0,00",Android,Spain
73325,22.03.2024,2,59,0,"€0,00","€0,00",Android,Spain
73325,23.03.2024,1,31,0,"€0,00","€0,00",Android,Spain
73325,25.03.2024,4,115,0,"€0,00","€0,00",Android,Spain
73325,26.03.2024,5,136,0,"€0,00","€0,00",Android,Spain
73325,27.03.2024,1,36,1,"€0,00","€5,49",Android,Spain
73325,29.03.2024,1,7,0,"€0,00","€0,00",Android,Spain
73325,31.03.2024,2,40,1,"€0,00","€3,60",Android,Spain
73325,01.04.2024,2,71,0,"€0,00","€0,00",Android,Spain
30475,03.03.2024,1,21,1,"€2,44","€7,71",iOS,France
30475,04.03.2024,2,53,0,"€0,00","€0,00",iOS,France
30475,05.03.2024,1,35,0,"€0,00","€0,00",iOS,France
30475,06.03.2024,1,41,0,"€0,00","€0,00",iOS,France
30475,07.03.2024,2,4,1,"€0,00","€7,60",iOS,France
30475,08.03.2024,1,27,0,"€0,00","€0,00",iOS,France
30475,09.03.2024,1,36,1,"€0,00","€3,67",iOS,France
30475,10.03.2024,2,67,1,"€0,00","€3,14",iOS,France
30475,14.03.2024,2,50,0,"€0,00","€0,00",iOS,France
30475,16.03.2024,2,57,0,"€0,00","€0,00",iOS,France
30475,17.03.2024,1,37,0,"€0,00","€0,00",iOS,France
30475,18.03.2024,2,34,1,"€0,00","€4,90",iOS,France
30475,20.03.2024,3,84,0,"€0,00","€0,00",iOS,France
30475,21.03.2024,2,47,0,"€0,00","€0,00",iOS,France
30475,23.03.2024,2,40,0,"€0,00","€0,00",iOS,France
30475,24.03.2024,1,28,0,"€0,00","€0,00",iOS,France
30475,25.03.2024,2,34,0,"€0,00","€0,00",iOS,France
30475,26.03.2024,4,90,0,"€0,00","€0,00",iOS,France
30475,27.03.2024,2,67,0,"€0,00","€0,00",iOS,France
30475,28.03.2024,3,70,1,"€0,00","€5,71",iOS,France
30475,29.03.2024,2,89,0,"€0,00","€0,00",iOS,France
30475,31.03.2024,1,34,0,"€0,00","€0,00",iOS,France
30475,01.04.2024,2,77,0,"€0,00","€0,00",iOS,France
57943,02.03.2024,1,39,2,"€3,68","€2,67",iOS,Italy
57943,04.03.2024,4,137,0,"€0,00","€0,00",iOS,Italy
57943,12.03.2024,3,44,0,"€0,00","€0,00",iOS,Italy
57943,16.03.2024,2,53,0,"€0,00","€0,00",iOS,Italy
57943,17.03.2024,1,23,0,"€0,00","€0,00",iOS,Italy
57943,20.03.2024,1,28,2,"€0,00","€7,63",iOS,Italy
57943,22.03.2024,3,56,0,"€0,00","€0,00",iOS,Italy
57943,24.03.2024,4,51,0,"€0,00","€0,00",iOS,Italy
57943,26.03.2024,1,30,0,"€0,00","€0,00",iOS,Italy
57943,28.03.2024,2,49,0,"€0,00","€0,00",iOS,Italy
96435,01.03.2024,3,97,1,"€8,59","€5,12",iOS,Spain
96435,02.03.2024,3,68,0,"€0,00","€0,00",iOS,Spain
96435,12.03.2024,1,31,0,"€0,00","€0,00",iOS,Spain
96435,13.03.2024,2,46,0,"€0,00","€0,00",iOS,Spain
96435,15.03.2024,2,95,0,"€0,00","€0,00",iOS,Spain
96435,16.03.2024,1,19,0,"€0,00","€0,00",iOS,Spain
96435,17.03.2024,2,50,0,"€0,00","€0,00",iOS,Spain
96435,23.03.2024,2,15,0,"€0,00","€0,00",iOS,Spain
96435,26.03.2024,2,76,0,"€0,00","€0,00",iOS,Spain
96435,30.03.2024,3,109,0,"€0,00","€0,00",iOS,Spain
96435,31.03.2024,1,33,0,"€0,00","€0,00",iOS,Spain
96435,01.04.2024,1,27,0,"€0,00","€0,00",iOS,Spain
92392,02.03.2024,1,39,0,"€3,24","€0,00",Android,Italy
92392,16.03.2024,3,67,0,"€0,00","€0,00",Android,Italy
92392,29.03.2024,1,34,1,"€0,00","€5,87",Android,Italy
92392,01.04.2024,1,47,0,"€0,00","€0,00",Android,Italy
28093,01.03.2024,1,32,1,"€9,86","€6,69",iOS,Italy
28093,03.03.2024,1,49,0,"€0,00","€0,00",iOS,Italy
28093,14.03.2024,2,83,0,"€0,00","€0,00",iOS,Italy
28093,17.03.2024,2,23,1,"€0,00","€2,70",iOS,Italy
28093,21.03.2024,1,29,0,"€0,00","€0,00",iOS,Italy
28093,22.03.2024,4,63,0,"€0,00","€0,00",iOS,Italy
28093,24.03.2024,1,52,0,"€0,00","€0,00",iOS,Italy
44534,01.03.2024,3,132,0,"€2,76","€0,00",Android,Italy
44534,06.03.2024,2,37,0,"€0,00","€0,00",Android,Italy
44534,07.03.2024,1,37,0,"€0,00","€0,00",Android,Italy
44534,10.03.2024,2,80,0,"€0,00","€0,00",Android,Italy
44534,11.03.2024,2,59,0,"€0,00","€0,00",Android,Italy
44534,12.03.2024,2,76,0,"€0,00","€0,00",Android,Italy
44534,13.03.2024,1,10,0,"€0,00","€0,00",Android,Italy
44534,14.03.2024,1,50,1,"€0,00","€2,36",Android,Italy
44534,15.03.2024,4,109,0,"€0,00","€0,00",Android,Italy
44534,17.03.2024,1,27,2,"€0,00","€8,76",Android,Italy
44534,22.03.2024,2,53,1,"€0,00","€8,56",Android,Italy
44534,24.03.2024,1,32,0,"€0,00","€0,00",Android,Italy
44534,28.03.2024,5,49,0,"€0,00","€0,00",Android,Italy
44534,29.03.2024,1,10,0,"€0,00","€0,00",Android,Italy
44534,01.04.2024,2,66,0,"€0,00","€0,00",Android,Italy
34954,01.03.2024,2,75,0,"€9,03","€0,00",Android,Spain
34954,03.03.2024,3,86,0,"€0,00","€0,00",Android,Spain
34954,04.03.2024,1,33,0,"€0,00","€0,00",Android,Spain
34954,05.03.2024,2,57,0,"€0,00","€0,00",Android,Spain
34954,06.03.2024,2,61,0,"€0,00","€0,00",Android,Spain
34954,08.03.2024,2,43,0,"€0,00","€0,00",Android,Spain
34954,16.03.2024,2,49,0,"€0,00","€0,00",Android,Spain
34954,17.03.2024,3,131,1,"€0,00","€6,19",Android,Spain
34954,19.03.2024,1,17,1,"€0,00","€1,31",Android,Spain
34954,24.03.2024,1,27,0,"€0,00","€0,00",Android,Spain
34954,31.03.2024,1,22,1,"€0,00","€8,00",Android,Spain
34954,01.04.2024,4,124,0,"€0,00","€0,00",Android,Spain
20365,05.03.2024,2,53,0,"€4,31","€0,00",iOS,Spain
20365,06.03.2024,3,72,0,"€0,00","€0,00",iOS,Spain
20365,07.03.2024,3,122,0,"€0,00","€0,00",iOS,Spain
20365,13.03.2024,1,47,0,"€0,00","€0,00",iOS,Spain
20365,14.03.2024,3,96,0,"€0,00","€0,00",iOS,Spain
20365,16.03.2024,3,109,0,"€0,00","€0,00",iOS,Spain
20365,21.03.2024,4,172,1,"€0,00","€8,81",iOS,Spain
20365,22.03.2024,1,21,0,"€0,00","€0,00",iOS,Spain
20365,24.03.2024,1,39,1,"€0,00","€1,81",iOS,Spain
20365,26.03.2024,2,67,0,"€0,00","€0,00",iOS,Spain
20365,30.03.2024,1,26,0,"€0,00","€0,00",iOS,Spain
20365,01.04.2024,1,27,0,"€0,00","€0,00",iOS,Spain
50550,01.03.2024,1,46,0,"€9,08","€0,00",iOS,Spain
50550,03.03.2024,2,35,0,"€0,00","€0,00",iOS,Spain
50550,04.03.2024,2,67,1,"€0,00","€8,37",iOS,Spain
50550,09.03.2024,1,15,0,"€0,00","€0,00",iOS,Spain
50550,15.03.2024,2,86,0,"€0,00","€0,00",iOS,Spain
50550,17.03.2024,1,33,0,"€0,00","€0,00",iOS,Spain
50550,18.03.2024,4,107,1,"€0,00","€3,05",iOS,Spain
50550,20.03.2024,2,15,0,"€0,00","€0,00",iOS,Spain
50550,22.03.2024,1,29,2,"€0,00","€3,94",iOS,Spain
50550,26.03.2024,1,32,0,"€0,00","€0,00",iOS,Spain
50550,27.03.2024,1,31,0,"€0,00","€0,00",iOS,Spain
50550,28.03.2024,2,78,0,"€0,00","€0,00",iOS,Spain
50550,29.03.2024,1,32,0,"€0,00","€0,00",iOS,Spain
50550,01.04.2024,1,24,1,"€0,00","€6,87",iOS,Spain
21746,07.03.2024,2,42,0,"€4,27","€0,00",iOS,France
21746,08.03.2024,1,36,0,"€0,00","€0,00",iOS,France
21746,10.03.2024,1,35,0,"€0,00","€0,00",iOS,France
21746,21.03.2024,3,94,0,"€0,00","€0,00",iOS,France
21746,28.03.2024,2,75,0,"€0,00","€0,00",iOS,France
21746,29.03.2024,2,95,0,"€0,00","€0,00",iOS,France
73096,01.03.2024,1,18,0,"€7,70","€0,00",Android,France
73096,04.03.2024,3,136,0,"€0,00","€0,00",Android,France
73096,05.03.2024,2,42,1,"€0,00","€2,31",Android,France
73096,06.03.2024,1,32,0,"€0,00","€0,00",Android,France
73096,08.03.2024,3,54,0,"€0,00","€0,00",Android,France
73096,09.03.2024,3,91,0,"€0,00","€0,00",Android,France
73096,10.03.2024,1,25,1,"€0,00","€4,68",Android,France
73096,11.03.2024,1,36,1,"€0,00","€2,96",Android,France
73096,13.03.2024,2,45,0,"€0,00","€0,00",Android,France
73096,14.03.2024,3,67,1,"€0,00","€2,90",Android,France
73096,16.03.2024,2,69,0,"€0,00","€0,00",Android,France
73096,17.03.2024,3,80,1,"€0,00","€3,08",Android,France
73096,20.03.2024,1,28,0,"€0,00","€0,00",Android,France
73096,21.03.2024,2,69,0,"€0,00","€0,00",Android,France
73096,23.03.2024,4,87,0,"€0,00","€0,00",Android,France
73096,24.03.2024,2,41,1,"€0,00","€1,72",Android,France
73096,25.03.2024,4,8,0,"€0,00","€0,00",Android,France
73096,27.03.2024,1,35,0,"€0,00","€0,00",Android,France
73096,28.03.2024,1,38,0,"€0,00","€0,00",Android,France
36135,01.03.2024,2,93,0,"€4,00","€0,00",iOS,France
36135,02.03.2024,2,41,0,"€0,00","€0,00",iOS,France
36135,03.03.2024,3,31,0,"€0,00","€0,00",iOS,France
36135,04.03.2024,1,34,0,"€0,00","€0,00",iOS,France
36135,05.03.2024,2,89,0,"€0,00","€0,00",iOS,France
36135,08.03.2024,3,102,0,"€0,00","€0,00",iOS,France
36135,09.03.2024,4,66,0,"€0,00","€0,00",iOS,France
36135,10.03.2024,2,35,0,"€0,00","€0,00",iOS,France
36135,12.03.2024,2,67,0,"€0,00","€0,00",iOS,France
36135,15.03.2024,1,30,0,"€0,00","€0,00",iOS,France
36135,17.03.2024,1,27,1,"€0,00","€7,16",iOS,France
36135,19.03.2024,1,41,0,"€0,00","€0,00",iOS,France
36135,20.03.2024,1,31,0,"€0,00","€0,00",iOS,France
36135,22.03.2024,1,44,0,"€0,00","€0,00",iOS,France
36135,23.03.2024,2,19,0,"€0,00","€0,00",iOS,France
36135,27.03.2024,1,36,0,"€0,00","€0,00",iOS,France
36135,28.03.2024,2,62,0,"€0,00","€0,00",iOS,France
71241,01.03.2024,3,113,0,"€6,21","€0,00",Android,Spain
71241,02.03.2024,2,64,1,"€0,00","€7,04",Android,Spain
71241,04.03.2024,2,86,0,"€0,00","€0,00",Android,Spain
71241,05.03.2024,2,34,1,"€0,00","€9,26",Android,Spain
71241,06.03.2024,3,87,0,"€0,00","€0,00",Android,Spain
71241,07.03.2024,2,62,0,"€0,00","€0,00",Android,Spain
71241,08.03.2024,2,54,0,"€0,00","€0,00",Android,Spain
71241,09.03.2024,4,56,1,"€0,00","€8,61",Android,Spain
71241,12.03.2024,2,49,1,"€0,00","€1,22",Android,Spain
71241,14.03.2024,3,143,0,"€0,00","€0,00",Android,Spain
71241,15.03.2024,1,48,0,"€0,00","€0,00",Android,Spain
71241,16.03.2024,2,71,0,"€0,00","€0,00",Android,Spain
71241,17.03.2024,2,55,0,"€0,00","€0,00",Android,Spain
71241,18.03.2024,2,64,1,"€0,00","€9,57",Android,Spain
71241,21.03.2024,5,248,2,"€0,00","€2,90",Android,Spain
71241,22.03.2024,1,32,0,"€0,00","€0,00",Android,Spain
71241,23.03.2024,2,69,0,"€0,00","€0,00",Android,Spain
71241,24.03.2024,3,111,0,"€0,00","€0,00",Android,Spain
71241,26.03.2024,2,64,0,"€0,00","€0,00",Android,Spain
71241,28.03.2024,2,54,0,"€0,00","€0,00",Android,Spain
71241,29.03.2024,1,14,0,"€0,00","€0,00",Android,Spain
71241,01.04.2024,1,31,0,"€0,00","€0,00",Android,Spain
82481,03.03.2024,1,41,0,"€0,51","€0,00",iOS,Italy
82481,05.03.2024,2,47,0,"€0,00","€0,00",iOS,Italy
82481,06.03.2024,2,58,0,"€0,00","€0,00",iOS,Italy
82481,07.03.2024,2,60,0,"€0,00","€0,00",iOS,Italy
82481,13.03.2024,2,50,0,"€0,00","€0,00",iOS,Italy
82481,15.03.2024,2,49,0,"€0,00","€0,00",iOS,Italy
82481,16.03.2024,5,117,1,"€0,00","€4,91",iOS,Italy
82481,17.03.2024,1,3,0,"€0,00","€0,00",iOS,Italy
82481,18.03.2024,2,93,1,"€0,00","€6,74",iOS,Italy
82481,19.03.2024,1,26,0,"€0,00","€0,00",iOS,Italy
82481,20.03.2024,2,61,1,"€0,00","€7,30",iOS,Italy
82481,21.03.2024,1,19,0,"€0,00","€0,00",iOS,Italy
82481,23.03.2024,2,65,0,"€0,00","€0,00",iOS,Italy
82481,25.03.2024,1,49,0,"€0,00","€0,00",iOS,Italy
82481,28.03.2024,1,27,0,"€0,00","€0,00",iOS,Italy
82481,29.03.2024,1,14,1,"€0,00","€5,99",iOS,Italy
82481,01.04.2024,2,32,1,"€0,00","€9,31",iOS,Italy
24664,01.03.2024,1,29,0,"€5,99","€0,00",iOS,Italy
24664,08.03.2024,1,5,0,"€0,00","€0,00",iOS,Italy
24664,09.03.2024,3,64,0,"€0,00","€0,00",iOS,Italy
24664,12.03.2024,2,65,0,"€0,00","€0,00",iOS,Italy
24664,14.03.2024,1,12,0,"€0,00","€0,00",iOS,Italy
24664,22.03.2024,1,21,1,"€0,00","€7,93",iOS,Italy
24664,28.03.2024,3,63,0,"€0,00","€0,00",iOS,Italy
24664,30.03.2024,2,63,0,"€0,00","€0,00",iOS,Italy
24664,31.03.2024,1,32,0,"€0,00","€0,00",iOS,Italy
15711,02.03.2024,1,25,0,"€9,96","€0,00",Android,Italy
15711,04.03.2024,2,51,1,"€0,00","€9,50",Android,Italy
15711,06.03.2024,1,30,0,"€0,00","€0,00",Android,Italy
15711,08.03.2024,1,39,0,"€0,00","€0,00",Android,Italy
15711,09.03.2024,2,74,0,"€0,00","€0,00",Android,Italy
15711,12.03.2024,2,93,0,"€0,00","€0,00",Android,Italy
15711,13.03.2024,1,25,0,"€0,00","€0,00",Android,Italy
15711,14.03.2024,2,44,0,"€0,00","€0,00",Android,Italy
15711,16.03.2024,2,46,0,"€0,00","€0,00",Android,Italy
15711,18.03.2024,2,54,0,"€0,00","€0,00",Android,Italy
15711,19.03.2024,1,20,0,"€0,00","€0,00",Android,Italy
15711,22.03.2024,4,198,0,"€0,00","€0,00",Android,Italy
15711,23.03.2024,5,164,1,"€0,00","€8,06",Android,Italy
15711,24.03.2024,2,31,0,"€0,00","€0,00",Android,Italy
15711,27.03.2024,2,117,0,"€0,00","€0,00",Android,Italy
15711,01.04.2024,2,39,0,"€0,00","€0,00",Android,Italy
14199,02.03.2024,3,84,0,"€1,98","€0,00",iOS,Spain
14199,03.03.2024,2,65,0,"€0,00","€0,00",iOS,Spain
14199,10.03.2024,2,50,0,"€0,00","€0,00",iOS,Spain
14199,11.03.2024,1,31,0,"€0,00","€0,00",iOS,Spain
14199,12.03.2024,2,47,0,"€0,00","€0,00",iOS,Spain
14199,14.03.2024,4,138,0,"€0,00","€0,00",iOS,Spain
14199,17.03.2024,4,260,0,"€0,00","€0,00",iOS,Spain
14199,19.03.2024,2,49,0,"€0,00","€0,00",iOS,Spain
14199,21.03.2024,1,21,1,"€0,00","€7,90",iOS,Spain
14199,24.03.2024,2,37,0,"€0,00","€0,00",iOS,Spain
14199,01.04.2024,2,93,0,"€0,00","€0,00",iOS,Spain
77898,20.03.2024,2,20,0,"€6,16","€0,00",iOS,France
77898,26.03.2024,1,32,0,"€0,00","€0,00",iOS,France
82360,05.03.2024,1,11,0,"€3,00","€0,00",Android,France
82360,09.03.2024,3,96,0,"€0,00","€0,00",Android,France
82360,11.03.2024,4,66,1,"€0,00","€8,83",Android,France
82360,13.03.2024,2,50,0,"€0,00","€0,00",Android,France
82360,16.03.2024,1,45,0,"€0,00","€0,00",Android,France
82360,20.03.2024,1,35,1,"€0,00","€1,89",Android,France
82360,23.03.2024,1,31,0,"€0,00","€0,00",Android,France
82360,24.03.2024,1,34,0,"€0,00","€0,00",Android,France
82360,25.03.2024,1,41,0,"€0,00","€0,00",Android,France
82360,26.03.2024,2,67,0,"€0,00","€0,00",Android,France
82360,27.03.2024,1,44,0,"€0,00","€0,00",Android,France
33561,02.03.2024,1,29,0,"€2,13","€0,00",iOS,Italy
33561,23.03.2024,1,28,1,"€0,00","€8,45",iOS,Italy
34724,01.03.2024,1,39,0,"€3,56","€0,00",Android,Spain
34724,02.03.2024,2,65,0,"€0,00","€0,00",Android,Spain
34724,03.03.2024,3,52,0,"€0,00","€0,00",Android,Spain
34724,04.03.2024,1,22,0,"€0,00","€0,00",Android,Spain
34724,05.03.2024,1,3,0,"€0,00","€0,00",Android,Spain
34724,06.03.2024,1,27,0,"€0,00","€0,00",Android,Spain
34724,13.03.2024,2,51,0,"€0,00","€0,00",Android,Spain
34724,15.03.2024,1,38,0,"€0,00","€0,00",Android,Spain
34724,16.03.2024,2,44,0,"€0,00","€0,00",Android,Spain
34724,17.03.2024,1,35,1,"€0,00","€4,83",Android,Spain
34724,20.03.2024,1,33,0,"€0,00","€0,00",Android,Spain
34724,21.03.2024,2,64,0,"€0,00","€0,00",Android,Spain
34724,22.03.2024,3,106,0,"€0,00","€0,00",Android,Spain
34724,25.03.2024,3,73,1,"€0,00","€3,17",Android,Spain
34724,27.03.2024,1,35,0,"€0,00","€0,00",Android,Spain
34724,30.03.2024,5,186,0,"€0,00","€0,00",Android,Spain
34724,01.04.2024,1,37,0,"€0,00","€0,00",Android,Spain
39261,04.03.2024,3,78,0,"€1,06","€0,00",Android,Spain
39261,09.03.2024,2,57,0,"€0,00","€0,00",Android,Spain
39261,12.03.2024,1,40,0,"€0,00","€0,00",Android,Spain
39261,16.03.2024,1,36,1,"€0,00","€5,62",Android,Spain
19146,02.03.2024,4,123,0,"€5,54","€0,00",iOS,Spain
19146,04.03.2024,1,17,0,"€0,00","€0,00",iOS,Spain
19146,10.03.2024,4,116,0,"€0,00","€0,00",iOS,Spain
19146,13.03.2024,3,90,0,"€0,00","€0,00",iOS,Spain
19146,21.03.2024,1,38,0,"€0,00","€0,00",iOS,Spain
19146,29.03.2024,2,90,1,"€0,00","€2,10",iOS,Spain
71712,01.03.2024,1,31,0,"€2,83","€0,00",iOS,Spain
71712,05.03.2024,3,89,1,"€0,00","€3,68",iOS,Spain
71712,12.03.2024,1,8,0,"€0,00","€0,00",iOS,Spain
71712,13.03.2024,1,19,0,"€0,00","€0,00",iOS,Spain
71712,19.03.2024,3,129,0,"€0,00","€0,00",iOS,Spain
71712,22.03.2024,4,107,0,"€0,00","€0,00",iOS,Spain
71712,25.03.2024,1,34,0,"€0,00","€0,00",iOS,Spain
71712,27.03.2024,2,13,0,"€0,00","€0,00",iOS,Spain
71712,29.03.2024,4,140,0,"€0,00","€0,00",iOS,Spain
71712,30.03.2024,2,103,0,"€0,00","€0,00",iOS,Spain
36217,01.03.2024,1,39,0,"€8,67","€0,00",Android,France
36217,02.03.2024,2,96,0,"€0,00","€0,00",Android,France
36217,03.03.2024,1,33,0,"€0,00","€0,00",Android,France
36217,05.03.2024,1,31,0,"€0,00","€0,00",Android,France
36217,06.03.2024,1,30,0,"€0,00","€0,00",Android,France
36217,07.03.2024,2,63,1,"€0,00","€8,89",Android,France
36217,08.03.2024,3,114,1,"€0,00","€7,53",Android,France
36217,11.03.2024,1,28,1,"€0,00","€6,54",Android,France
36217,12.03.2024,2,55,0,"€0,00","€0,00",Android,France
36217,14.03.2024,3,100,0,"€0,00","€0,00",Android,France
36217,15.03.2024,1,24,0,"€0,00","€0,00",Android,France
36217,16.03.2024,1,25,0,"€0,00","€0,00",Android,France
36217,17.03.2024,1,38,0,"€0,00","€0,00",Android,France
36217,18.03.2024,1,35,0,"€0,00","€0,00",Android,France
36217,20.03.2024,2,44,0,"€0,00","€0,00",Android,France
36217,21.03.2024,1,47,0,"€0,00","€0,00",Android,France
36217,22.03.2024,3,78,0,"€0,00","€0,00",Android,France
36217,23.03.2024,1,33,0,"€0,00","€0,00",Android,France
36217,24.03.2024,1,34,1,"€0,00","€2,35",Android,France
36217,25.03.2024,1,33,0,"€0,00","€0,00",Android,France
36217,26.03.2024,4,96,1,"€0,00","€5,82",Android,France
36217,30.03.2024,2,53,0,"€0,00","€0,00",Android,France
36217,31.03.2024,2,41,0,"€0,00","€0,00",Android,France
36969,04.03.2024,1,43,0,"€0,33","€0,00",Android,Spain
36969,05.03.2024,3,133,0,"€0,00","€0,00",Android,Spain
36969,06.03.2024,5,304,0,"€0,00","€0,00",Android,Spain
36969,07.03.2024,2,47,0,"€0,00","€0,00",Android,Spain
36969,09.03.2024,1,34,0,"€0,00","€0,00",Android,Spain
36969,10.03.2024,2,39,0,"€0,00","€0,00",Android,Spain
36969,11.03.2024,2,60,0,"€0,00","€0,00",Android,Spain
36969,12.03.2024,4,46,0,"€0,00","€0,00",Android,Spain
36969,16.03.2024,1,32,0,"€0,00","€0,00",Android,Spain
36969,18.03.2024,3,97,0,"€0,00","€0,00",Android,Spain
36969,19.03.2024,1,28,0,"€0,00","€0,00",Android,Spain
36969,21.03.2024,2,64,1,"€0,00","€9,50",Android,Spain
36969,23.03.2024,4,153,0,"€0,00","€0,00",Android,Spain
36969,24.03.2024,2,58,0,"€0,00","€0,00",Android,Spain
36969,25.03.2024,1,32,1,"€0,00","€9,29",Android,Spain
36969,26.03.2024,3,43,1,"€0,00","€7,92",Android,Spain
36969,27.03.2024,1,29,2,"€0,00","€2,03",Android,Spain
50859,03.03.2024,3,94,0,"€3,51","€0,00",iOS,Italy
50859,11.03.2024,3,78,0,"€0,00","€0,00",iOS,Italy
50859,14.03.2024,2,102,0,"€0,00","€0,00",iOS,Italy
50859,17.03.2024,4,110,0,"€0,00","€0,00",iOS,Italy
50859,24.03.2024,2,62,0,"€0,00","€0,00",iOS,Italy
50859,30.03.2024,2,65,0,"€0,00","€0,00",iOS,Italy
43480,01.03.2024,1,46,1,"€5,50","€4,58",iOS,France
43480,02.03.2024,1,34,0,"€0,00","€0,00",iOS,France
43480,09.03.2024,1,31,1,"€0,00","€5,03",iOS,France
43480,10.03.2024,1,27,0,"€0,00","€0,00",iOS,France
43480,14.03.2024,1,32,0,"€0,00","€0,00",iOS,France
43480,19.03.2024,1,27,0,"€0,00","€0,00",iOS,France
43480,01.04.2024,2,74,0,"€0,00","€0,00",iOS,France
34199,02.03.2024,1,7,0,"€2,35","€0,00",iOS,Italy
34199,03.03.2024,2,42,0,"€0,00","€0,00",iOS,Italy
34199,04.03.2024,1,5,0,"€0,00","€0,00",iOS,Italy
34199,05.03.2024,2,68,0,"€0,00","€0,00",iOS,Italy
34199,06.03.2024,1,40,0,"€0,00","€0,00",iOS,Italy
34199,07.03.2024,2,73,1,"€0,00","€3,86",iOS,Italy
34199,08.03.2024,1,22,0,"€0,00","€0,00",iOS,Italy
34199,16.03.2024,2,50,0,"€0,00","€0,00",iOS,Italy
34199,21.03.2024,3,84,0,"€0,00","€0,00",iOS,Italy
34199,22.03.2024,5,136,0,"€0,00","€0,00",iOS,Italy
34199,24.03.2024,1,18,1,"€0,00","€7,23",iOS,Italy
34199,25.03.2024,1,14,0,"€0,00","€0,00",iOS,Italy
34199,27.03.2024,1,19,0,"€0,00","€0,00",iOS,Italy
97038,04.03.2024,4,106,1,"€0,57","€4,58",iOS,Spain
97038,08.03.2024,1,34,0,"€0,00","€0,00",iOS,Spain
97038,14.03.2024,1,24,0,"€0,00","€0,00",iOS,Spain
97038,16.03.2024,1,28,0,"€0,00","€0,00",iOS,Spain
97038,21.03.2024,2,23,0,"€0,00","€0,00",iOS,Spain
97038,26.03.2024,2,50,0,"€0,00","€0,00",iOS,Spain
97038,30.03.2024,2,88,0,"€0,00","€0,00",iOS,Spain
24943,01.03.2024,1,24,0,"€0,72","€0,00",iOS,France
24943,02.03.2024,6,236,0,"€0,00","€0,00",iOS,France
24943,05.03.2024,2,81,0,"€0,00","€0,00",iOS,France
24943,07.03.2024,3,81,0,"€0,00","€0,00",iOS,France
24943,09.03.2024,2,46,1,"€0,00","€3,53",iOS,France
24943,10.03.2024,3,93,0,"€0,00","€0,00",iOS,France
24943,13.03.2024,1,16,0,"€0,00","€0,00",iOS,France
24943,16.03.2024,2,52,0,"€0,00","€0,00",iOS,France
24943,17.03.2024,1,17,0,"€0,00","€0,00",iOS,France
24943,18.03.2024,2,69,0,"€0,00","€0,00",iOS,France
24943,19.03.2024,2,54,0,"€0,00","€0,00",iOS,France
24943,24.03.2024,1,5,0,"€0,00","€0,00",iOS,France
24943,28.03.2024,4,115,0,"€0,00","€0,00",iOS,France
24943,29.03.2024,2,58,0,"€0,00","€0,00",iOS,France
24943,31.03.2024,3,119,0,"€0,00","€0,00",iOS,France
38112,01.03.2024,1,35,1,"€1,59","€8,16",Android,Italy
38112,06.03.2024,1,28,0,"€0,00","€0,00",Android,Italy
38112,12.03.2024,1,23,0,"€0,00","€0,00",Android,Italy
38112,17.03.2024,3,43,0,"€0,00","€0,00",Android,Italy
38112,23.03.2024,1,16,0,"€0,00","€0,00",Android,Italy
38112,25.03.2024,1,34,0,"€0,00","€0,00",Android,Italy
38112,27.03.2024,1,33,0,"€0,00","€0,00",Android,Italy
38112,29.03.2024,2,95,0,"€0,00","€0,00",Android,Italy
97810,13.03.2024,2,49,0,"€2,72","€0,00",Android,Spain
97810,18.03.2024,1,34,0,"€0,00","€0,00",Android,Spain
70756,01.03.2024,2,17,0,"€7,06","€0,00",Android,France
70756,08.03.2024,2,25,0,"€0,00","€0,00",Android,France
70756,13.03.2024,1,33,0,"€0,00","€0,00",Android,France
70756,19.03.2024,2,53,1,"€0,00","€4,76",Android,France
70756,20.03.2024,3,72,0,"€0,00","€0,00",Android,France
70756,23.03.2024,2,43,0,"€0,00","€0,00",Android,France
71935,01.03.2024,1,38,0,"€4,75","€0,00",Android,Spain
71935,04.03.2024,5,78,0,"€0,00","€0,00",Android,Spain
71935,06.03.2024,3,91,1,"€0,00","€5,15",Android,Spain
71935,07.03.2024,2,79,0,"€0,00","€0,00",Android,Spain
71935,08.03.2024,1,25,0,"€0,00","€0,00",Android,Spain
71935,11.03.2024,1,32,0,"€0,00","€0,00",Android,Spain
71935,15.03.2024,2,73,0,"€0,00","€0,00",Android,Spain
71935,16.03.2024,2,55,0,"€0,00","€0,00",Android,Spain
71935,19.03.2024,5,178,0,"€0,00","€0,00",Android,Spain
71935,23.03.2024,1,39,0,"€0,00","€0,00",Android,Spain
71935,27.03.2024,1,41,0,"€0,00","€0,00",Android,Spain
71935,28.03.2024,2,75,0,"€0,00","€0,00",Android,Spain
14645,05.03.2024,2,54,1,"€0,33","€3,94",Android,Spain
14645,06.03.2024,1,6,0,"€0,00","€0,00",Android,Spain
14645,07.03.2024,1,33,1,"€0,00","€8,55",Android,Spain
14645,10.03.2024,1,33,0,"€0,00","€0,00",Android,Spain
14645,11.03.2024,2,47,0,"€0,00","€0,00",Android,Spain
14645,14.03.2024,1,28,0,"€0,00","€0,00",Android,Spain
14645,15.03.2024,3,84,0,"€0,00","€0,00",Android,Spain
14645,17.03.2024,2,86,0,"€0,00","€0,00",Android,Spain
14645,20.03.2024,2,51,1,"€0,00","€6,79",Android,Spain
14645,21.03.2024,2,72,0,"€0,00","€0,00",Android,Spain
14645,22.03.2024,3,84,0,"€0,00","€0,00",Android,Spain
14645,26.03.2024,1,32,0,"€0,00","€0,00",Android,Spain
14645,27.03.2024,2,86,0,"€0,00","€0,00",Android,Spain
14645,31.03.2024,1,39,0,"€0,00","€0,00",Android,Spain
21436,15.03.2024,1,56,0,"€1,55","€0,00",Android,Spain
21436,28.03.2024,2,50,0,"€0,00","€0,00",Android,Spain
21863,12.03.2024,3,76,0,"€3,68","€0,00",iOS,Spain
21863,21.03.2024,1,39,0,"€0,00","€0,00",iOS,Spain
74737,01.03.2024,5,119,0,"€4,20","€0,00",Android,Italy
74737,02.03.2024,2,57,0,"€0,00","€0,00",Android,Italy
74737,03.03.2024,2,47,0,"€0,00","€0,00",Android,Italy
74737,04.03.2024,3,68,1,"€0,00","€1,81",Android,Italy
74737,06.03.2024,1,22,0,"€0,00","€0,00",Android,Italy
74737,09.03.2024,2,60,0,"€0,00","€0,00",Android,Italy
74737,10.03.2024,2,74,1,"€0,00","€4,52",Android,Italy
74737,11.03.2024,4,111,0,"€0,00","€0,00",Android,Italy
74737,14.03.2024,1,39,0,"€0,00","€0,00",Android,Italy
74737,15.03.2024,1,25,0,"€0,00","€0,00",Android,Italy
74737,16.03.2024,1,45,0,"€0,00","€0,00",Android,Italy
74737,17.03.2024,4,99,0,"€0,00","€0,00",Android,Italy
74737,19.03.2024,2,48,0,"€0,00","€0,00",Android,Italy
74737,20.03.2024,1,35,0,"€0,00","€0,00",Android,Italy
74737,21.03.2024,1,19,0,"€0,00","€0,00",Android,Italy
74737,22.03.2024,1,29,0,"€0,00","€0,00",Android,Italy
74737,25.03.2024,1,21,0,"€0,00","€0,00",Android,Italy
74737,26.03.2024,2,67,0,"€0,00","€0,00",Android,Italy
74737,27.03.2024,2,29,1,"€0,00","€2,87",Android,Italy
74737,28.03.2024,2,63,0,"€0,00","€0,00",Android,Italy
74737,29.03.2024,1,34,0,"€0,00","€0,00",Android,Italy
74737,30.03.2024,3,91,0,"€0,00","€0,00",Android,Italy
74737,01.04.2024,2,57,0,"€0,00","€0,00",Android,Italy
99303,04.03.2024,2,32,0,"€0,63","€0,00",iOS,Spain
99303,07.03.2024,2,37,0,"€0,00","€0,00",iOS,Spain
99303,15.03.2024,1,33,0,"€0,00","€0,00",iOS,Spain
99303,17.03.2024,2,24,0,"€0,00","€0,00",iOS,Spain
99303,25.03.2024,1,36,0,"€0,00","€0,00",iOS,Spain
57228,01.03.2024,3,95,0,"€1,21","€0,00",Android,France
57228,02.03.2024,4,127,0,"€0,00","€0,00",Android,France
57228,05.03.2024,6,159,0,"€0,00","€0,00",Android,France
57228,07.03.2024,3,94,0,"€0,00","€0,00",Android,France
57228,08.03.2024,5,142,0,"€0,00","€0,00",Android,France
57228,09.03.2024,1,4,2,"€0,00","€7,80",Android,France
57228,10.03.2024,5,189,1,"€0,00","€9,14",Android,France
57228,12.03.2024,2,75,0,"€0,00","€0,00",Android,France
57228,13.03.2024,5,72,0,"€0,00","€0,00",Android,France
57228,14.03.2024,2,76,0,"€0,00","€0,00",Android,France
57228,19.03.2024,1,36,1,"€0,00","€7,24",Android,France
57228,20.03.2024,1,28,0,"€0,00","€0,00",Android,France
57228,25.03.2024,4,121,0,"€0,00","€0,00",Android,France
57228,26.03.2024,1,23,0,"€0,00","€0,00",Android,France
57228,30.03.2024,2,76,0,"€0,00","€0,00",Android,France
57228,31.03.2024,1,30,0,"€0,00","€0,00",Android,France
57228,01.04.2024,1,50,0,"€0,00","€0,00",Android,France
66380,03.03.2024,1,36,0,"€2,62","€0,00",Android,Italy
66380,07.03.2024,1,14,1,"€0,00","€6,87",Android,Italy
66380,08.03.2024,1,30,1,"€0,00","€3,46",Android,Italy
66380,11.03.2024,1,37,0,"€0,00","€0,00",Android,Italy
66380,12.03.2024,1,39,2,"€0,00","€3,36",Android,Italy
66380,13.03.2024,2,42,1,"€0,00","€6,75",Android,Italy
66380,14.03.2024,1,32,0,"€0,00","€0,00",Android,Italy
66380,15.03.2024,2,58,0,"€0,00","€0,00",Android,Italy
66380,16.03.2024,5,175,0,"€0,00","€0,00",Android,Italy
66380,19.03.2024,1,20,0,"€0,00","€0,00",Android,Italy
66380,20.03.2024,1,32,1,"€0,00","€9,93",Android,Italy
66380,21.03.2024,1,37,0,"€0,00","€0,00",Android,Italy
66380,22.03.2024,1,27,0,"€0,00","€0,00",Android,Italy
66380,23.03.2024,2,51,0,"€0,00","€0,00",Android,Italy
66380,25.03.2024,1,31,0,"€0,00","€0,00",Android,Italy
66380,26.03.2024,1,49,0,"€0,00","€0,00",Android,Italy
66380,30.03.2024,1,24,0,"€0,00","€0,00",Android,Italy
47657,01.03.2024,3,79,0,"€8,37","€0,00",Android,Spain
47657,04.03.2024,3,50,0,"€0,00","€0,00",Android,Spain
47657,05.03.2024,7,297,0,"€0,00","€0,00",Android,Spain
47657,07.03.2024,3,81,0,"€0,00","€0,00",Android,Spain
47657,10.03.2024,2,25,0,"€0,00","€0,00",Android,Spain
47657,14.03.2024,2,43,0,"€0,00","€0,00",Android,Spain
47657,20.03.2024,2,42,0,"€0,00","€0,00",Android,Spain
47657,22.03.2024,2,25,1,"€0,00","€1,32",Android,Spain
47657,28.03.2024,2,103,0,"€0,00","€0,00",Android,Spain
47657,31.03.2024,1,31,0,"€0,00","€0,00",Android,Spain
47657,01.04.2024,1,30,0,"€0,00","€0,00",Android,Spain
44516,01.03.2024,1,36,1,"€2,09","€8,86",iOS,France
44516,03.03.2024,2,44,1,"€0,00","€1,51",iOS,France
44516,05.03.2024,2,52,0,"€0,00","€0,00",iOS,France
44516,06.03.2024,2,66,1,"€0,00","€5,03",iOS,France
44516,07.03.2024,3,67,0,"€0,00","€0,00",iOS,France
44516,12.03.2024,2,71,1,"€0,00","€2,01",iOS,France
44516,14.03.2024,1,16,0,"€0,00","€0,00",iOS,France
44516,15.03.2024,2,51,2,"€0,00","€5,33",iOS,France
44516,16.03.2024,1,29,0,"€0,00","€0,00",iOS,France
44516,17.03.2024,1,47,0,"€0,00","€0,00",iOS,France
44516,18.03.2024,2,67,0,"€0,00","€0,00",iOS,France
44516,19.03.2024,1,37,0,"€0,00","€0,00",iOS,France
44516,20.03.2024,2,41,0,"€0,00","€0,00",iOS,France
44516,22.03.2024,1,38,0,"€0,00","€0,00",iOS,France
44516,23.03.2024,1,21,0,"€0,00","€0,00",iOS,France
44516,25.03.2024,1,24,0,"€0,00","€0,00",iOS,France
44516,26.03.2024,1,38,1,"€0,00","€2,05",iOS,France
44516,28.03.2024,1,30,0,"€0,00","€0,00",iOS,France
44516,29.03.2024,3,118,0,"€0,00","€0,00",iOS,France
44516,30.03.2024,2,27,0,"€0,00","€0,00",iOS,France
31608,02.03.2024,1,37,2,"€2,27","€3,76",Android,France
31608,03.03.2024,1,18,0,"€0,00","€0,00",Android,France
31608,04.03.2024,2,89,0,"€0,00","€0,00",Android,France
31608,05.03.2024,3,123,0,"€0,00","€0,00",Android,France
31608,07.03.2024,2,56,0,"€0,00","€0,00",Android,France
31608,08.03.2024,1,35,0,"€0,00","€0,00",Android,France
31608,09.03.2024,2,41,0,"€0,00","€0,00",Android,France
31608,10.03.2024,2,45,0,"€0,00","€0,00",Android,France
31608,11.03.2024,2,90,0,"€0,00","€0,00",Android,France
31608,14.03.2024,2,67,0,"€0,00","€0,00",Android,France
31608,15.03.2024,3,79,0,"€0,00","€0,00",Android,France
31608,16.03.2024,2,15,0,"€0,00","€0,00",Android,France
31608,18.03.2024,2,43,1,"€0,00","€5,47",Android,France
31608,20.03.2024,1,25,1,"€0,00","€3,54",Android,France
31608,21.03.2024,1,22,0,"€0,00","€0,00",Android,France
31608,22.03.2024,1,44,0,"€0,00","€0,00",Android,France
31608,23.03.2024,1,28,0,"€0,00","€0,00",Android,France
31608,24.03.2024,2,39,0,"€0,00","€0,00",Android,France
31608,26.03.2024,1,16,0,"€0,00","€0,00",Android,France
31608,28.03.2024,1,21,0,"€0,00","€0,00",Android,France
31608,29.03.2024,3,63,0,"€0,00","€0,00",Android,France
31608,30.03.2024,3,54,0,"€0,00","€0,00",Android,France
31608,31.03.2024,1,31,0,"€0,00","€0,00",Android,France
45858,03.03.2024,1,39,0,"€4,95","€0,00",Android,Italy
45858,04.03.2024,2,70,1,"€0,00","€2,09",Android,Italy
45858,06.03.2024,3,122,0,"€0,00","€0,00",Android,Italy
45858,08.03.2024,3,124,0,"€0,00","€0,00",Android,Italy
45858,09.03.2024,1,21,1,"€0,00","€8,43",Android,Italy
45858,11.03.2024,2,58,0,"€0,00","€0,00",Android,Italy
45858,12.03.2024,1,23,0,"€0,00","€0,00",Android,Italy
45858,16.03.2024,2,92,1,"€0,00","€8,60",Android,Italy
45858,19.03.2024,3,108,0,"€0,00","€0,00",Android,Italy
45858,24.03.2024,1,39,0,"€0,00","€0,00",Android,Italy
81963,01.03.2024,1,31,0,"€8,91","€0,00",iOS,Italy
81963,06.03.2024,5,96,1,"€0,00","€6,23",iOS,Italy
81963,07.03.2024,1,41,0,"€0,00","€0,00",iOS,Italy
81963,08.03.2024,1,20,0,"€0,00","€0,00",iOS,Italy
81963,10.03.2024,1,14,0,"€0,00","€0,00",iOS,Italy
81963,11.03.2024,1,35,0,"€0,00","€0,00",iOS,Italy
81963,13.03.2024,2,80,0,"€0,00","€0,00",iOS,Italy
81963,14.03.2024,2,57,1,"€0,00","€3,49",iOS,Italy
81963,15.03.2024,1,18,0,"€0,00","€0,00",iOS,Italy
81963,17.03.2024,1,23,0,"€0,00","€0,00",iOS,Italy
81963,18.03.2024,4,118,1,"€0,00","€5,06",iOS,Italy
81963,23.03.2024,1,27,0,"€0,00","€0,00",iOS,Italy
81963,25.03.2024,2,72,0,"€0,00","€0,00",iOS,Italy
81963,26.03.2024,1,38,0,"€0,00","€0,00",iOS,Italy
81963,28.03.2024,3,60,2,"€0,00","€8,58",iOS,Italy
81963,01.04.2024,5,196,1,"€0,00","€1,32",iOS,Italy
47558,17.03.2024,5,200,0,"€5,28","€0,00",iOS,Italy
47558,18.03.2024,2,79,2,"€0,00","€3,29",iOS,Italy
47558,22.03.2024,1,14,0,"€0,00","€0,00",iOS,Italy
64364,03.03.2024,2,65,0,"€0,79","€0,00",Android,Italy
64364,05.03.2024,3,90,0,"€0,00","€0,00",Android,Italy
64364,06.03.2024,2,60,0,"€0,00","€0,00",Android,Italy
64364,18.03.2024,2,59,0,"€0,00","€0,00",Android,Italy
64287,01.03.2024,2,38,0,"€1,86","€0,00",Android,Spain
64287,03.03.2024,2,38,0,"€0,00","€0,00",Android,Spain
64287,05.03.2024,1,46,0,"€0,00","€0,00",Android,Spain
64287,07.03.2024,1,26,0,"€0,00","€0,00",Android,Spain
64287,09.03.2024,1,19,0,"€0,00","€0,00",Android,Spain
64287,11.03.2024,1,24,0,"€0,00","€0,00",Android,Spain
64287,12.03.2024,1,27,1,"€0,00","€7,45",Android,Spain
64287,14.03.2024,1,37,0,"€0,00","€0,00",Android,Spain
64287,16.03.2024,2,55,0,"€0,00","€0,00",Android,Spain
64287,17.03.2024,1,9,0,"€0,00","€0,00",Android,Spain
64287,20.03.2024,5,303,0,"€0,00","€0,00",Android,Spain
64287,21.03.2024,3,120,0,"€0,00","€0,00",Android,Spain
64287,25.03.2024,2,83,0,"€0,00","€0,00",Android,Spain
64287,26.03.2024,1,28,0,"€0,00","€0,00",Android,Spain
64287,28.03.2024,1,25,0,"€0,00","€0,00",Android,Spain
64287,29.03.2024,1,32,0,"€0,00","€0,00",Android,Spain
64287,01.04.2024,2,86,1,"€0,00","€5,71",Android,Spain
95591,04.03.2024,1,32,0,"€8,56","€0,00",iOS,Italy
95591,05.03.2024,2,85,0,"€0,00","€0,00",iOS,Italy
95591,07.03.2024,1,35,0,"€0,00","€0,00",iOS,Italy
95591,09.03.2024,1,38,1,"€0,00","€4,82",iOS,Italy
95591,10.03.2024,3,30,0,"€0,00","€0,00",iOS,Italy
95591,14.03.2024,3,90,0,"€0,00","€0,00",iOS,Italy
95591,15.03.2024,4,118,0,"€0,00","€0,00",iOS,Italy
95591,16.03.2024,1,44,1,"€0,00","€9,93",iOS,Italy
95591,20.03.2024,2,59,0,"€0,00","€0,00",iOS,Italy
95591,23.03.2024,1,42,0,"€0,00","€0,00",iOS,Italy
95591,24.03.2024,1,48,0,"€0,00","€0,00",iOS,Italy
95591,31.03.2024,3,128,0,"€0,00","€0,00",iOS,Italy
95591,01.04.2024,3,64,1,"€0,00","€7,02",iOS,Italy
31396,02.03.2024,2,65,0,"€8,77","€0,00",Android,Italy
31396,03.03.2024,1,41,1,"€0,00","€2,57",Android,Italy
31396,04.03.2024,1,39,0,"€0,00","€0,00",Android,Italy
31396,06.03.2024,3,73,1,"€0,00","€6,66",Android,Italy
31396,07.03.2024,1,34,0,"€0,00","€0,00",Android,Italy
31396,08.03.2024,1,23,1,"€0,00","€8,83",Android,Italy
31396,09.03.2024,3,84,0,"€0,00","€0,00",Android,Italy
31396,10.03.2024,3,129,0,"€0,00","€0,00",Android,Italy
31396,11.03.2024,4,60,1,"€0,00","€1,42",Android,Italy
31396,12.03.2024,4,77,0,"€0,00","€0,00",Android,Italy
31396,16.03.2024,4,103,0,"€0,00","€0,00",Android,Italy
31396,17.03.2024,5,93,2,"€0,00","€4,79",Android,Italy
31396,19.03.2024,1,48,1,"€0,00","€7,14",Android,Italy
31396,20.03.2024,1,29,1,"€0,00","€2,60",Android,Italy
31396,21.03.2024,3,139,0,"€0,00","€0,00",Android,Italy
31396,22.03.2024,3,62,0,"€0,00","€0,00",Android,Italy
31396,23.03.2024,2,17,0,"€0,00","€0,00",Android,Italy
31396,24.03.2024,3,120,0,"€0,00","€0,00",Android,Italy
31396,25.03.2024,2,59,0,"€0,00","€0,00",Android,Italy
31396,26.03.2024,1,11,0,"€0,00","€0,00",Android,Italy
31396,27.03.2024,1,51,0,"€0,00","€0,00",Android,Italy
31396,28.03.2024,3,116,0,"€0,00","€0,00",Android,Italy
31396,30.03.2024,5,177,0,"€0,00","€0,00",Android,Italy
31396,01.04.2024,2,35,1,"€0,00","€8,82",Android,Italy
86967,09.03.2024,1,18,0,"€7,95","€0,00",iOS,France
86967,15.03.2024,1,17,0,"€0,00","€0,00",iOS,France
86967,26.03.2024,1,26,1,"€0,00","€4,33",iOS,France
86967,31.03.2024,2,68,0,"€0,00","€0,00",iOS,France
69364,01.03.2024,2,51,0,"€5,42","€0,00",iOS,Italy
69364,03.03.2024,1,21,0,"€0,00","€0,00",iOS,Italy
69364,04.03.2024,2,36,0,"€0,00","€0,00",iOS,Italy
69364,05.03.2024,3,98,0,"€0,00","€0,00",iOS,Italy
69364,06.03.2024,3,18,0,"€0,00","€0,00",iOS,Italy
69364,11.03.2024,1,23,0,"€0,00","€0,00",iOS,Italy
69364,12.03.2024,1,26,0,"€0,00","€0,00",iOS,Italy
69364,15.03.2024,1,28,0,"€0,00","€0,00",iOS,Italy
69364,16.03.2024,3,39,0,"€0,00","€0,00",iOS,Italy
69364,18.03.2024,2,59,0,"€0,00","€0,00",iOS,Italy
69364,20.03.2024,4,130,0,"€0,00","€0,00",iOS,Italy
69364,24.03.2024,1,37,0,"€0,00","€0,00",iOS,Italy
69364,25.03.2024,1,13,1,"€0,00","€9,75",iOS,Italy
69364,29.03.2024,2,81,2,"€0,00","€5,30",iOS,Italy
69364,31.03.2024,1,32,0,"€0,00","€0,00",iOS,Italy
69364,01.04.2024,2,53,0,"€0,00","€0,00",iOS,Italy
79347,05.03.2024,3,100,1,"€4,39","€2,26",iOS,France
79347,11.03.2024,3,107,0,"€0,00","€0,00",iOS,France
79347,17.03.2024,3,106,0,"€0,00","€0,00",iOS,France
79347,22.03.2024,1,33,0,"€0,00","€0,00",iOS,France
79347,29.03.2024,2,57,0,"€0,00","€0,00",iOS,France
78102,04.03.2024,1,33,0,"€2,68","€0,00",iOS,Spain
78102,06.03.2024,1,44,0,"€0,00","€0,00",iOS,Spain
78102,09.03.2024,3,74,0,"€0,00","€0,00",iOS,Spain
78102,10.03.2024,2,54,0,"€0,00","€0,00",iOS,Spain
78102,12.03.2024,1,13,0,"€0,00","€0,00",iOS,Spain
78102,13.03.2024,3,108,0,"€0,00","€0,00",iOS,Spain
78102,16.03.2024,1,42,0,"€0,00","€0,00",iOS,Spain
78102,18.03.2024,2,98,0,"€0,00","€0,00",iOS,Spain
78102,19.03.2024,4,109,0,"€0,00","€0,00",iOS,Spain
78102,26.03.2024,2,24,0,"€0,00","€0,00",iOS,Spain
78102,31.03.2024,3,110,0,"€0,00","€0,00",iOS,Spain
78102,01.04.2024,1,23,1,"€0,00","€8,56",iOS,Spain
71229,02.03.2024,3,123,0,"€5,48","€0,00",Android,France
71229,03.03.2024,4,76,0,"€0,00","€0,00",Android,France
71229,04.03.2024,1,36,0,"€0,00","€0,00",Android,France
71229,05.03.2024,2,56,0,"€0,00","€0,00",Android,France
71229,06.03.2024,3,122,1,"€0,00","€8,17",Android,France
71229,07.03.2024,3,108,0,"€0,00","€0,00",Android,France
71229,11.03.2024,1,19,0,"€0,00","€0,00",Android,France
71229,14.03.2024,2,68,0,"€0,00","€0,00",Android,France
71229,15.03.2024,2,-7,1,"€0,00","€8,22",Android,France
71229,16.03.2024,1,17,0,"€0,00","€0,00",Android,France
71229,19.03.2024,2,72,0,"€0,00","€0,00",Android,France
71229,20.03.2024,3,117,0,"€0,00","€0,00",Android,France
71229,22.03.2024,1,36,0,"€0,00","€0,00",Android,France
71229,23.03.2024,1,25,0,"€0,00","€0,00",Android,France
71229,24.03.2024,3,37,0,"€0,00","€0,00",Android,France
71229,27.03.2024,1,41,0,"€0,00","€0,00",Android,France
71229,28.03.2024,3,104,0,"€0,00","€0,00",Android,France
71229,29.03.2024,2,67,0,"€0,00","€0,00",Android,France
71229,30.03.2024,1,24,0,"€0,00","€0,00",Android,France
71229,31.03.2024,2,64,0,"€0,00","€0,00",Android,France
57099,01.03.2024,3,90,0,"€6,83","€0,00",Android,Spain
57099,03.03.2024,3,87,0,"€0,00","€0,00",Android,Spain
57099,08.03.2024,1,21,0,"€0,00","€0,00",Android,Spain
57099,10.03.2024,1,39,1,"€0,00","€7,74",Android,Spain
57099,15.03.2024,1,26,0,"€0,00","€0,00",Android,Spain
57099,17.03.2024,3,135,0,"€0,00","€0,00",Android,Spain
57099,21.03.2024,2,60,0,"€0,00","€0,00",Android,Spain
14891,20.03.2024,1,16,0,"€5,99","€0,00",Android,France
14891,21.03.2024,2,41,0,"€0,00","€0,00",Android,France
14891,31.03.2024,2,34,0,"€0,00","€0,00",Android,France
69375,02.03.2024,1,41,0,"€2,26","€0,00",Android,France
69375,03.03.2024,3,128,0,"€0,00","€0,00",Android,France
69375,08.03.2024,1,31,0,"€0,00","€0,00",Android,France
69375,11.03.2024,1,33,0,"€0,00","€0,00",Android,France
69375,15.03.2024,2,81,0,"€0,00","€0,00",Android,France
69375,16.03.2024,1,26,0,"€0,00","€0,00",Android,France
69375,19.03.2024,2,69,0,"€0,00","€0,00",Android,France
21550,03.03.2024,1,21,0,"€9,03","€0,00",iOS,Italy
21550,04.03.2024,1,37,0,"€0,00","€0,00",iOS,Italy
21550,05.03.2024,1,12,0,"€0,00","€0,00",iOS,Italy
21550,10.03.2024,2,58,2,"€0,00","€2,51",iOS,Italy
21550,11.03.2024,3,96,1,"€0,00","€3,28",iOS,Italy
21550,13.03.2024,1,17,0,"€0,00","€0,00",iOS,Italy
21550,14.03.2024,1,31,0,"€0,00","€0,00",iOS,Italy
21550,15.03.2024,2,106,0,"€0,00","€0,00",iOS,Italy
21550,18.03.2024,1,37,0,"€0,00","€0,00",iOS,Italy
21550,20.03.2024,1,22,0,"€0,00","€0,00",iOS,Italy
21550,22.03.2024,2,42,2,"€0,00","€1,51",iOS,Italy
21550,24.03.2024,2,61,0,"€0,00","€0,00",iOS,Italy
21550,27.03.2024,2,3,0,"€0,00","€0,00",iOS,Italy
21550,28.03.2024,4,137,0,"€0,00","€0,00",iOS,Italy
21550,29.03.2024,1,21,1,"€0,00","€8,33",iOS,Italy
21550,30.03.2024,3,66,1,"€0,00","€9,25",iOS,Italy
21550,31.03.2024,2,61,0,"€0,00","€0,00",iOS,Italy
21550,01.04.2024,1,23,0,"€0,00","€0,00",iOS,Italy
50417,06.03.2024,2,58,0,"€3,90","€0,00",iOS,France
50417,08.03.2024,1,15,0,"€0,00","€0,00",iOS,France
50417,10.03.2024,3,95,0,"€0,00","€0,00",iOS,France
50417,12.03.2024,1,33,0,"€0,00","€0,00",iOS,France
58827,02.03.2024,1,17,0,"€8,85","€0,00",Android,Spain
58827,03.03.2024,3,124,0,"€0,00","€0,00",Android,Spain
58827,06.03.2024,2,72,0,"€0,00","€0,00",Android,Spain
58827,07.03.2024,1,22,0,"€0,00","€0,00",Android,Spain
58827,08.03.2024,1,35,0,"€0,00","€0,00",Android,Spain
58827,09.03.2024,1,39,0,"€0,00","€0,00",Android,Spain
58827,11.03.2024,1,30,0,"€0,00","€0,00",Android,Spain
58827,14.03.2024,2,57,0,"€0,00","€0,00",Android,Spain
58827,15.03.2024,2,94,1,"€0,00","€3,84",Android,Spain
58827,16.03.2024,3,102,0,"€0,00","€0,00",Android,Spain
58827,17.03.2024,1,37,1,"€0,00","€6,53",Android,Spain
58827,18.03.2024,1,18,2,"€0,00","€7,36",Android,Spain
58827,20.03.2024,2,64,0,"€0,00","€0,00",Android,Spain
58827,21.03.2024,2,65,0,"€0,00","€0,00",Android,Spain
58827,22.03.2024,2,75,0,"€0,00","€0,00",Android,Spain
58827,27.03.2024,2,68,0,"€0,00","€0,00",Android,Spain
58827,28.03.2024,1,35,0,"€0,00","€0,00",Android,Spain
58827,30.03.2024,3,75,1,"€0,00","€3,53",Android,Spain
58827,01.04.2024,5,198,0,"€0,00","€0,00",Android,Spain
59583,04.03.2024,1,21,0,"€3,97","€0,00",iOS,France
59583,06.03.2024,2,59,0,"€0,00","€0,00",iOS,France
59583,07.03.2024,1,16,0,"€0,00","€0,00",iOS,France
59583,08.03.2024,1,23,1,"€0,00","€5,31",iOS,France
59583,12.03.2024,1,27,2,"€0,00","€7,05",iOS,France
59583,14.03.2024,2,73,0,"€0,00","€0,00",iOS,France
59583,16.03.2024,2,46,0,"€0,00","€0,00",iOS,France
59583,17.03.2024,3,120,1,"€0,00","€7,54",iOS,France
59583,24.03.2024,1,23,0,"€0,00","€0,00",iOS,France
59583,31.03.2024,2,117,0,"€0,00","€0,00",iOS,France
59583,01.04.2024,3,99,0,"€0,00","€0,00",iOS,France
42289,02.03.2024,1,40,0,"€0,38","€0,00",iOS,Italy
42289,03.03.2024,3,94,0,"€0,00","€0,00",iOS,Italy
42289,09.03.2024,3,122,0,"€0,00","€0,00",iOS,Italy
42289,10.03.2024,1,10,0,"€0,00","€0,00",iOS,Italy
42289,12.03.2024,2,96,0,"€0,00","€0,00",iOS,Italy
42289,13.03.2024,1,37,1,"€0,00","€5,12",iOS,Italy
42289,14.03.2024,1,41,1,"€0,00","€7,05",iOS,Italy
42289,16.03.2024,1,22,0,"€0,00","€0,00",iOS,Italy
42289,17.03.2024,2,56,0,"€0,00","€0,00",iOS,Italy
42289,18.03.2024,2,72,0,"€0,00","€0,00",iOS,Italy
42289,19.03.2024,1,38,0,"€0,00","€0,00",iOS,Italy
42289,21.03.2024,1,25,0,"€0,00","€0,00",iOS,Italy
42289,25.03.2024,4,112,0,"€0,00","€0,00",iOS,Italy
42289,27.03.2024,3,154,0,"€0,00","€0,00",iOS,Italy
42289,28.03.2024,1,46,0,"€0,00","€0,00",iOS,Italy
42289,29.03.2024,1,39,0,"€0,00","€0,00",iOS,Italy
42289,30.03.2024,2,40,0,"€0,00","€0,00",iOS,Italy
42289,31.03.2024,1,46,0,"€0,00","€0,00",iOS,Italy
35400,01.03.2024,2,65,0,"€7,38","€0,00",Android,Italy
35400,02.03.2024,2,52,0,"€0,00","€0,00",Android,Italy
35400,05.03.2024,1,25,0,"€0,00","€0,00",Android,Italy
35400,06.03.2024,1,37,0,"€0,00","€0,00",Android,Italy
35400,08.03.2024,2,38,0,"€0,00","€0,00",Android,Italy
35400,17.03.2024,3,84,0,"€0,00","€0,00",Android,Italy
35400,18.03.2024,1,39,0,"€0,00","€0,00",Android,Italy
35400,23.03.2024,3,66,1,"€0,00","€1,12",Android,Italy
35400,25.03.2024,1,26,0,"€0,00","€0,00",Android,Italy
35400,26.03.2024,3,37,0,"€0,00","€0,00",Android,Italy
35400,28.03.2024,2,63,1,"€0,00","€3,55",Android,Italy
35400,30.03.2024,2,60,0,"€0,00","€0,00",Android,Italy
95847,01.03.2024,1,21,0,"€9,20","€0,00",Android,Spain
95847,02.03.2024,2,68,0,"€0,00","€0,00",Android,Spain
95847,03.03.2024,3,53,0,"€0,00","€0,00",Android,Spain
95847,07.03.2024,1,42,0,"€0,00","€0,00",Android,Spain
95847,08.03.2024,4,61,2,"€0,00","€7,81",Android,Spain
95847,10.03.2024,1,16,0,"€0,00","€0,00",Android,Spain
95847,12.03.2024,2,68,0,"€0,00","€0,00",Android,Spain
95847,15.03.2024,1,29,0,"€0,00","€0,00",Android,Spain
95847,17.03.2024,1,38,0,"€0,00","€0,00",Android,Spain
95847,19.03.2024,3,69,0,"€0,00","€0,00",Android,Spain
95847,21.03.2024,1,33,0,"€0,00","€0,00",Android,Spain
95847,29.03.2024,3,36,0,"€0,00","€0,00",Android,Spain
95847,30.03.2024,4,174,0,"€0,00","€0,00",Android,Spain
95847,01.04.2024,1,29,0,"€0,00","€0,00",Android,Spain
49461,01.03.2024,2,66,0,"€2,55","€0,00",Android,Italy
49461,02.03.2024,2,44,0,"€0,00","€0,00",Android,Italy
49461,06.03.2024,3,44,0,"€0,00","€0,00",Android,Italy
49461,08.03.2024,1,22,0,"€0,00","€0,00",Android,Italy
49461,10.03.2024,1,27,2,"€0,00","€1,07",Android,Italy
49461,11.03.2024,1,34,0,"€0,00","€0,00",Android,Italy
49461,17.03.2024,1,25,0,"€0,00","€0,00",Android,Italy
49461,19.03.2024,3,76,1,"€0,00","€7,90",Android,Italy
49461,22.03.2024,1,6,0,"€0,00","€0,00",Android,Italy
49461,23.03.2024,3,52,0,"€0,00","€0,00",Android,Italy
49461,26.03.2024,1,30,0,"€0,00","€0,00",Android,Italy
49461,30.03.2024,2,77,0,"€0,00","€0,00",Android,Italy
49461,31.03.2024,2,77,0,"€0,00","€0,00",Android,Italy
49461,01.04.2024,1,28,0,"€0,00","€0,00",Android,Italy
92748,07.03.2024,2,55,0,"€5,42","€0,00",iOS,France
92748,08.03.2024,2,22,0,"€0,00","€0,00",iOS,France
79555,03.03.2024,1,34,0,"€8,08","€0,00",iOS,Spain
79555,04.03.2024,3,74,0,"€0,00","€0,00",iOS,Spain
79555,05.03.2024,2,28,2,"€0,00","€7,31",iOS,Spain
79555,06.03.2024,3,136,0,"€0,00","€0,00",iOS,Spain
79555,07.03.2024,2,55,0,"€0,00","€0,00",iOS,Spain
79555,09.03.2024,1,39,0,"€0,00","€0,00",iOS,Spain
79555,11.03.2024,2,66,0,"€0,00","€0,00",iOS,Spain
79555,12.03.2024,4,144,1,"€0,00","€4,10",iOS,Spain
79555,13.03.2024,1,36,1,"€0,00","€1,18",iOS,Spain
79555,14.03.2024,1,29,0,"€0,00","€0,00",iOS,Spain
79555,15.03.2024,1,34,0,"€0,00","€0,00",iOS,Spain
79555,17.03.2024,2,62,1,"€0,00","€1,63",iOS,Spain
79555,18.03.2024,1,18,1,"€0,00","€6,70",iOS,Spain
79555,19.03.2024,3,97,0,"€0,00","€0,00",iOS,Spain
79555,22.03.2024,3,92,0,"€0,00","€0,00",iOS,Spain
79555,24.03.2024,2,65,0,"€0,00","€0,00",iOS,Spain
79555,25.03.2024,3,84,0,"€0,00","€0,00",iOS,Spain
79555,26.03.2024,3,130,0,"€0,00","€0,00",iOS,Spain
79555,27.03.2024,1,24,0,"€0,00","€0,00",iOS,Spain
79555,29.03.2024,2,73,0,"€0,00","€0,00",iOS,Spain
79555,30.03.2024,1,28,0,"€0,00","€0,00",iOS,Spain
79555,31.03.2024,1,17,0,"€0,00","€0,00",iOS,Spain
79555,01.04.2024,1,27,0,"€0,00","€0,00",iOS,Spain
91235,05.03.2024,2,39,1,"€3,21","€3,72",Android,Italy
98437,01.03.2024,2,82,0,"€2,86","€0,00",Android,France
98437,04.03.2024,4,106,0,"€0,00","€0,00",Android,France
98437,06.03.2024,1,29,0,"€0,00","€0,00",Android,France
98437,07.03.2024,1,12,0,"€0,00","€0,00",Android,France
98437,11.03.2024,3,49,0,"€0,00","€0,00",Android,France
98437,14.03.2024,1,17,0,"€0,00","€0,00",Android,France
98437,21.03.2024,1,36,0,"€0,00","€0,00",Android,France
98437,22.03.2024,1,16,0,"€0,00","€0,00",Android,France
98437,23.03.2024,1,43,0,"€0,00","€0,00",Android,France
98437,26.03.2024,1,21,0,"€0,00","€0,00",Android,France
98437,27.03.2024,2,65,0,"€0,00","€0,00",Android,France
98437,28.03.2024,1,46,1,"€0,00","€4,38",Android,France
98437,29.03.2024,3,87,0,"€0,00","€0,00",Android,France
98437,30.03.2024,1,26,0,"€0,00","€0,00",Android,France
98437,31.03.2024,1,33,2,"€0,00","€7,53",Android,France
98437,01.04.2024,2,51,0,"€0,00","€0,00",Android,France
41591,01.03.2024,2,26,0,"€4,11","€0,00",iOS,Italy
41591,02.03.2024,3,97,0,"€0,00","€0,00",iOS,Italy
41591,09.03.2024,2,36,0,"€0,00","€0,00",iOS,Italy
41591,13.03.2024,2,64,2,"€0,00","€8,88",iOS,Italy
41591,20.03.2024,1,23,0,"€0,00","€0,00",iOS,Italy
41591,22.03.2024,2,83,0,"€0,00","€0,00",iOS,Italy
41591,24.03.2024,3,112,1,"€0,00","€8,47",iOS,Italy
41591,27.03.2024,1,15,0,"€0,00","€0,00",iOS,Italy
41591,30.03.2024,3,114,0,"€0,00","€0,00",iOS,Italy
41591,31.03.2024,1,30,0,"€0,00","€0,00",iOS,Italy
53384,01.03.2024,1,29,0,"€5,51","€0,00",iOS,Italy
53384,03.03.2024,4,101,0,"€0,00","€0,00",iOS,Italy
53384,04.03.2024,3,29,0,"€0,00","€0,00",iOS,Italy
53384,05.03.2024,1,34,0,"€0,00","€0,00",iOS,Italy
53384,06.03.2024,1,9,1,"€0,00","€6,88",iOS,Italy
53384,07.03.2024,1,22,1,"€0,00","€5,84",iOS,Italy
53384,11.03.2024,1,7,1,"€0,00","€9,07",iOS,Italy
53384,12.03.2024,2,20,0,"€0,00","€0,00",iOS,Italy
53384,13.03.2024,3,61,0,"€0,00","€0,00",iOS,Italy
53384,14.03.2024,4,26,0,"€0,00","€0,00",iOS,Italy
53384,17.03.2024,2,88,0,"€0,00","€0,00",iOS,Italy
53384,18.03.2024,3,83,0,"€0,00","€0,00",iOS,Italy
53384,19.03.2024,2,69,0,"€0,00","€0,00",iOS,Italy
53384,21.03.2024,2,20,0,"€0,00","€0,00",iOS,Italy
53384,23.03.2024,2,79,0,"€0,00","€0,00",iOS,Italy
53384,24.03.2024,1,26,0,"€0,00","€0,00",iOS,Italy
53384,27.03.2024,1,35,2,"€0,00","€3,47",iOS,Italy
53384,29.03.2024,2,70,0,"€0,00","€0,00",iOS,Italy
53384,30.03.2024,2,46,0,"€0,00","€0,00",iOS,Italy
53384,01.04.2024,1,47,1,"€0,00","€9,24",iOS,Italy
14492,05.03.2024,2,58,1,"€5,53","€5,49",Android,Spain
14492,13.03.2024,1,26,1,"€0,00","€6,08",Android,Spain
14492,19.03.2024,2,51,1,"€0,00","€5,11",Android,Spain
14492,28.03.2024,2,65,0,"€0,00","€0,00",Android,Spain
45736,03.03.2024,2,26,0,"€4,86","€0,00",Android,Spain
45736,04.03.2024,2,56,0,"€0,00","€0,00",Android,Spain
45736,09.03.2024,2,50,0,"€0,00","€0,00",Android,Spain
45736,11.03.2024,3,55,0,"€0,00","€0,00",Android,Spain
45736,14.03.2024,2,97,1,"€0,00","€4,97",Android,Spain
45736,17.03.2024,2,66,0,"€0,00","€0,00",Android,Spain
45736,20.03.2024,1,32,0,"€0,00","€0,00",Android,Spain
45736,21.03.2024,1,17,1,"€0,00","€2,84",Android,Spain
45736,22.03.2024,2,57,1,"€0,00","€6,94",Android,Spain
45736,23.03.2024,1,38,0,"€0,00","€0,00",Android,Spain
45736,25.03.2024,1,37,0,"€0,00","€0,00",Android,Spain
45736,29.03.2024,1,30,2,"€0,00","€5,95",Android,Spain
45736,30.03.2024,1,25,1,"€0,00","€5,69",Android,Spain
32767,01.03.2024,3,91,0,"€8,20","€0,00",iOS,Spain
32767,03.03.2024,1,22,0,"€0,00","€0,00",iOS,Spain
32767,04.03.2024,1,15,0,"€0,00","€0,00",iOS,Spain
32767,07.03.2024,2,71,0,"€0,00","€0,00",iOS,Spain
32767,08.03.2024,1,29,0,"€0,00","€0,00",iOS,Spain
32767,09.03.2024,3,99,0,"€0,00","€0,00",iOS,Spain
32767,10.03.2024,2,44,0,"€0,00","€0,00",iOS,Spain
32767,11.03.2024,1,40,0,"€0,00","€0,00",iOS,Spain
32767,12.03.2024,1,29,0,"€0,00","€0,00",iOS,Spain
32767,13.03.2024,2,53,0,"€0,00","€0,00",iOS,Spain
32767,14.03.2024,2,63,0,"€0,00","€0,00",iOS,Spain
32767,16.03.2024,1,19,0,"€0,00","€0,00",iOS,Spain
32767,17.03.2024,2,71,0,"€0,00","€0,00",iOS,Spain
32767,20.03.2024,5,230,0,"€0,00","€0,00",iOS,Spain
32767,24.03.2024,1,45,0,"€0,00","€0,00",iOS,Spain
32767,26.03.2024,4,77,0,"€0,00","€0,00",iOS,Spain
32767,27.03.2024,1,17,0,"€0,00","€0,00",iOS,Spain
32767,28.03.2024,2,61,0,"€0,00","€0,00",iOS,Spain
32767,29.03.2024,4,84,0,"€0,00","€0,00",iOS,Spain
32767,30.03.2024,4,3,0,"€0,00","€0,00",iOS,Spain
32767,01.04.2024,1,19,0,"€0,00","€0,00",iOS,Spain
83811,10.03.2024,2,61,0,"€1,53","€0,00",iOS,France
83811,16.03.2024,1,34,0,"€0,00","€0,00",iOS,France
83811,26.03.2024,2,50,1,"€0,00","€4,15",iOS,France
83811,01.04.2024,2,57,0,"€0,00","€0,00",iOS,France
91445,02.03.2024,1,27,0,"€0,85","€0,00",iOS,Italy
91445,03.03.2024,2,77,0,"€0,00","€0,00",iOS,Italy
91445,07.03.2024,3,96,0,"€0,00","€0,00",iOS,Italy
91445,08.03.2024,3,78,1,"€0,00","€4,13",iOS,Italy
91445,12.03.2024,2,62,0,"€0,00","€0,00",iOS,Italy
91445,16.03.2024,2,62,0,"€0,00","€0,00",iOS,Italy
91445,19.03.2024,3,115,0,"€0,00","€0,00",iOS,Italy
91445,20.03.2024,1,27,0,"€0,00","€0,00",iOS,Italy
91445,21.03.2024,3,121,1,"€0,00","€1,33",iOS,Italy
91445,24.03.2024,3,41,0,"€0,00","€0,00",iOS,Italy
91445,26.03.2024,2,56,0,"€0,00","€0,00",iOS,Italy
91445,30.03.2024,3,98,1,"€0,00","€7,90",iOS,Italy
91445,31.03.2024,1,39,0,"€0,00","€0,00",iOS,Italy
91445,01.04.2024,5,63,0,"€0,00","€0,00",iOS,Italy
82563,01.03.2024,1,49,0,"€1,69","€0,00",Android,Spain
82563,03.03.2024,1,24,0,"€0,00","€0,00",Android,Spain
82563,12.03.2024,1,26,1,"€0,00","€2,35",Android,Spain
82563,15.03.2024,1,12,1,"€0,00","€2,35",Android,Spain
82563,17.03.2024,1,25,0,"€0,00","€0,00",Android,Spain
82563,18.03.2024,3,124,0,"€0,00","€0,00",Android,Spain
82563,21.03.2024,2,78,0,"€0,00","€0,00",Android,Spain
82563,29.03.2024,1,44,0,"€0,00","€0,00",Android,Spain
82563,31.03.2024,2,55,0,"€0,00","€0,00",Android,Spain